series_id,topic,lang,month,views,project_views,share_per_million,spike
intermittent-fasting.cs,intermittent fasting,cs,2024-09,393,62292789,6.309,0
intermittent-fasting.cs,intermittent fasting,cs,2024-10,634,70881496,8.945,0
intermittent-fasting.cs,intermittent fasting,cs,2024-11,329,68852170,4.778,0
intermittent-fasting.cs,intermittent fasting,cs,2024-12,294,70360761,4.178,0
intermittent-fasting.cs,intermittent fasting,cs,2025-01,489,83396601,5.864,0
intermittent-fasting.cs,intermittent fasting,cs,2025-02,272,69753016,3.899,0
intermittent-fasting.cs,intermittent fasting,cs,2025-03,366,74887886,4.887,0
intermittent-fasting.cs,intermittent fasting,cs,2025-04,958,67010206,14.296,1
intermittent-fasting.cs,intermittent fasting,cs,2025-05,225,73630159,3.056,0
intermittent-fasting.cs,intermittent fasting,cs,2025-06,238,56271438,4.229,0
intermittent-fasting.cs,intermittent fasting,cs,2025-07,157,61159851,2.567,0
intermittent-fasting.cs,intermittent fasting,cs,2025-08,386,57515129,6.711,0
intermittent-fasting.cs,intermittent fasting,cs,2025-09,270,57306454,4.712,0
intermittent-fasting.cs,intermittent fasting,cs,2025-10,141,66546281,2.119,0
intermittent-fasting.cs,intermittent fasting,cs,2025-11,151,72883460,2.072,0
intermittent-fasting.cs,intermittent fasting,cs,2025-12,218,59967317,3.635,0
intermittent-fasting.cs,intermittent fasting,cs,2026-01,474,67410000,7.032,1
intermittent-fasting.cs,intermittent fasting,cs,2026-02,196,58306397,3.362,0
intermittent-fasting.cs,intermittent fasting,cs,2026-03,179,58040192,3.084,0
intermittent-fasting.cs,intermittent fasting,cs,2026-04,135,54688383,2.469,0
intermittent-fasting.cs,intermittent fasting,cs,2026-05,109,59792880,1.823,0
intermittent-fasting.cs,intermittent fasting,cs,2026-06,115,53683305,2.142,0
intermittent-fasting.cs,intermittent fasting,cs,2026-07,91,53131065,1.713,0
intermittent-fasting.cs,intermittent fasting,cs,2026-08,119,51467770,2.312,0
intermittent-fasting.pl,intermittent fasting,pl,2024-09,0,192493223,0.000,0
intermittent-fasting.pl,intermittent fasting,pl,2024-10,0,208701948,0.000,0
intermittent-fasting.pl,intermittent fasting,pl,2024-11,0,218936097,0.000,0
intermittent-fasting.pl,intermittent fasting,pl,2024-12,0,219776867,0.000,0
intermittent-fasting.pl,intermittent fasting,pl,2025-01,0,252131702,0.000,0
intermittent-fasting.pl,intermittent fasting,pl,2025-02,0,211020679,0.000,0
intermittent-fasting.pl,intermittent fasting,pl,2025-03,0,224233637,0.000,0
intermittent-fasting.pl,intermittent fasting,pl,2025-04,0,199339583,0.000,0
intermittent-fasting.pl,intermittent fasting,pl,2025-05,0,194249620,0.000,0
intermittent-fasting.pl,intermittent fasting,pl,2025-06,0,170783829,0.000,0
intermittent-fasting.pl,intermittent fasting,pl,2025-07,0,186739175,0.000,0
intermittent-fasting.pl,intermittent fasting,pl,2025-08,0,196910322,0.000,0
intermittent-fasting.pl,intermittent fasting,pl,2025-09,0,189329148,0.000,0
intermittent-fasting.pl,intermittent fasting,pl,2025-10,0,201290696,0.000,0
intermittent-fasting.pl,intermittent fasting,pl,2025-11,0,228294569,0.000,0
intermittent-fasting.pl,intermittent fasting,pl,2025-12,0,190164557,0.000,0
intermittent-fasting.pl,intermittent fasting,pl,2026-01,0,204283824,0.000,0
intermittent-fasting.pl,intermittent fasting,pl,2026-02,0,178016304,0.000,0
intermittent-fasting.pl,intermittent fasting,pl,2026-03,0,178619982,0.000,0
intermittent-fasting.pl,intermittent fasting,pl,2026-04,0,172037842,0.000,0
intermittent-fasting.pl,intermittent fasting,pl,2026-05,0,179989593,0.000,0
intermittent-fasting.pl,intermittent fasting,pl,2026-06,0,179578875,0.000,0
intermittent-fasting.pl,intermittent fasting,pl,2026-07,0,179428492,0.000,0
intermittent-fasting.pl,intermittent fasting,pl,2026-08,0,175873090,0.000,0
